supplier_name,total_water_production_16,total_water_production_15,total_water_production_13,savings_16,savings_15,savings_change,residential_water_usage_mean_16,cc_score
San Juan Water District,1783309914.14279,1204845426.87531,2045265134.82236,-0.12807885697534363,-0.4109099077856447,0.282831050810301,506.7328753320357,6.366732856265468
North Marin Water District,1134200000.0,715000000.0,1102000000.0,0.029219600725952814,-0.3511796733212341,0.38039927404718693,165.57004414755068,4.894750526275551
Santa Fe Irrigation District,1035523249.8633001,763209212.3194001,1257134805.366,-0.17628304821150845,-0.392897874546397,0.21661482633488857,494.66115406585067,4.8177258386036
Bella Vista Water District,1352609273.477,954418829.683,2133349292.569,-0.3659691461738201,-0.5526195203910188,0.1866503742171987,394.37727243045606,3.706677522873305
Folsom  City of,2425963874.015,1835195236.864,2725421335.428,-0.10987565758010526,-0.3266379722620755,0.21676231468197027,247.17060654649734,3.407863504556411
Valley Water Company,353353287.4388,283979518.6305,410344702.0211,-0.13888668307790045,-0.30794886047804326,0.16906217740014282,342.43765512277696,3.128507607202766
San Lorenzo Valley Water District,206498200.0,138808800.0,243345319.0,-0.1514190581163388,-0.4295809733656722,0.2781619152493334,114.24568945293333,2.9731551949292907
Fair Oaks Water District,1240415368.64663,967123776.82173,1586443516.00647,-0.21811564286315802,-0.3903824705614128,0.17226682769825477,278.95559767073604,2.87719433508285
Vaughn Water Company,1330959198.0,1112734671.0,1596587387.0,-0.1663724711612043,-0.30305432695993106,0.13668185579872677,441.5226704800903,2.8720194102563488
Yucaipa Valley Water District,1266950000.0,1029590000.0,1363260000.0,-0.0706468318589264,-0.2447588867860863,0.1741120549271599,262.711075760777,2.8220716285972745
Sacramento County Water Agency,3995933046.0,2943328861.0,4900666998.0,-0.1846144519448534,-0.39940239518392184,0.21478794323906844,168.42664136324734,2.7875026793507467
Oakdale  City of,569760000.0,429010000.0,752900000.0,-0.24324611502191526,-0.4301899322619206,0.18694381724000533,213.84192916525,2.733742082573508
Citrus Heights Water District,1456230027.263,1120277206.026,1889938276.6,-0.22948275862068962,-0.40724137931034476,0.17775862068965514,230.81727444603567,2.700628372195931
Lincoln  City of,1110261000.0,842574000.0,1341560000.0,-0.17241047735472137,-0.37194460180685174,0.19953412445213037,179.47664562042067,2.6731365969941363
Nevada Irrigation District,1134100000.0,882350000.0,1392400000.0,-0.18550703820741166,-0.3663099683998851,0.18080293019247345,217.71237586099434,2.6677616382908216
Discovery Bay Community Services District,356000000.0,274000000.0,445000000.0,-0.2,-0.3842696629213483,0.18426966292134828,199.802826182006,2.6046816766693803
Rainbow Municipal Water District,625406643.8411,436673497.32269996,1200860263.9231,-0.4792011505169186,-0.636366103166635,0.15716495264971642,271.04067449988133,2.5874558060209325
Ramona Municipal Water District,509631631.82799995,376358398.185,639320499.774,-0.2028542303771663,-0.41131498470948014,0.20846075433231384,151.401752751036,2.5650140978958555
Golden State Water Company Cordova,1535053487.4543,1198155697.079,1939141842.0770001,-0.20838514535372216,-0.382120651991262,0.17373550663753984,216.90012892022864,2.5586948213020015
El Dorado Irrigation District,4449501235.684999,3569702382.785,5257612774.645,-0.15370312984195866,-0.32104121475054237,0.1673380849085837,231.34419402404265,2.545212788678547
Orange Vale Water Company,496617125.8336201,398317525.85053,670012445.68313,-0.2587941775808655,-0.4055072731605542,0.1467130955796887,274.96159140429904,2.432791540445504
Las Virgenes Municipal Water District,2162350069.572,1712023397.4580002,2584001816.11,-0.16317780580075666,-0.337452711223203,0.1742749054224463,189.944868911757,2.4018652497956277
Roseville  City of,3381686109.4059997,2568947480.1826,4179696254.1289997,-0.19092539175177362,-0.38537460045217115,0.19444920870039753,147.56254534540633,2.362078078340362
Carmichael Water District,1020000000.0,826780000.0,1317390000.0,-0.2257418076651561,-0.3724105997464684,0.14666879208131228,259.05513809608533,2.36066206176802
Georgetown Divide Public Utilities District,207157000.0,165113000.0,262067000.0,-0.20952657144928588,-0.36995882732278385,0.16043225587349796,208.02475571465968,2.313924586045737
Golden State Water Company Claremont,955885161.1045,729190323.3406,1315397040.5135999,-0.27331054300435975,-0.4456500198176773,0.17233947681331757,177.2688713428603,2.2945684086733866
Rio Linda - Elverta Community Water District,308031542.0,250800564.0,409145568.0,-0.24713459929254322,-0.38701385615400336,0.13987925686146013,268.986073740562,2.2941310042067826
Sonoma  City of,211914217.03518,164673906.405855,251654079.51781902,-0.15791463646757664,-0.3456338688354351,0.18771923236785848,147.51459288375202,2.2799549307163325
"Rio Vista, city of",243076000.0,197420000.0,299430000.0,-0.188204254750693,-0.34068062652372844,0.15247637177303544,222.27799221149166,2.2732687500240196
West Sacramento  City of,1339901067.824,1037836794.995,1733203740.2129998,-0.2269223538259071,-0.4012032336905433,0.17428087986463617,167.02746979572967,2.252390541668579
Hillsborough  Town of,347129018.157712,283193766.2141,501838877.887228,-0.3082859191397324,-0.4356878697673587,0.12740195062762627,306.180784110913,2.2292821720521645
Calaveras County Water District,587404000.0,444689000.0,711412000.0,-0.17431249402596527,-0.37492058047938465,0.20060808645341938,123.23056516482063,2.226935586940464
Los Angeles County Public Works Waterworks District 40,4961110785.6748905,3948928273.5276,6464892311.68,-0.2326073588709677,-0.38917338709677424,0.15656602822580654,199.95320261223802,2.2139189457165083
Shasta Lake  City of,232076200.0,184362900.0,300779200.0,-0.22841672562464427,-0.38704903796539125,0.15863231234074698,194.24067590216,2.2108625601044785
Atwater  City of,889952460.0,729210000.0,1145822930.0,-0.22330716492119773,-0.3635927673397145,0.14028560241851679,245.73376834335667,2.1991027506958467
Castaic Lake Water Agency Santa Clarita Water Division,2678172878.513,2122270344.0509999,3248087024.336,-0.17546147672552165,-0.34660914927768866,0.171147672552167,164.32157185873467,2.1939073738166384
Los Angeles County Public Works Waterworks District 29,703839082.3199999,602528615.15143,791493116.183,-0.11074516261836151,-0.23874433923425273,0.12799917661589122,281.61091100744864,2.1479883161707423
Linda County Water District,361793000.0,288503000.0,469593000.0,-0.22956049174497917,-0.385631813080689,0.15607132133570983,188.07981504095733,2.140396350183934
Olivehurst Public Utility District,442700000.0,356900000.0,594200000.0,-0.25496465836418714,-0.3993604846852912,0.14439582632110404,217.52921315058902,2.129675500406212
Olivenhain Municipal Water District,1827570313.4722,1463007736.9446,2207513077.3542,-0.17211348271484664,-0.3372597644141351,0.16514628169928844,160.42990197535167,2.0917580980064217
"Kingsburg, City of",362302000.0,302209000.0,494209000.0,-0.26690529715160993,-0.3884996023949382,0.12159430524332826,293.01932723232136,2.081427887610449
Mountain House Community Services District,335251056.0,266813244.0,399284000.0,-0.16036942126406267,-0.331770759659791,0.17140133839572835,143.35597085771698,2.0522114291393305
Elk Grove Water Service,738558802.0,575343496.0,947446555.0,-0.22047444459809135,-0.3927430597919056,0.17226861519381426,141.72558608316464,2.0508329826965275
Beaumont-Cherry Valley Water District,1255831399.658,1056661231.93279,1422638003.6535702,-0.11725161535624887,-0.25725221087928984,0.14000059552304098,214.19869501335302,2.0489827083726175
Truckee-Donner Public Utilities District,545240600.0,431735107.0,660873156.0,-0.17496936431777235,-0.3467201639523092,0.17175079963453685,139.17957743798934,2.0262196581698992
Valley Center Municipal Water District,725019425.075,590540541.1521,1045363962.9587,-0.3064430659892147,-0.4350861880864063,0.1286431220971916,232.267852212581,1.960564450514508
Rubio Canyon Land and Water Association,191600639.076,159667199.23000002,232983770.305,-0.17762237762237762,-0.31468531468531463,0.137062937062937,194.235553717671,1.9102244427532689
California Water Service Company Livermore,949791739.4196,723553093.6535,1340878622.105,-0.29166464155528554,-0.46038882138517623,0.16872417982989069,127.43014924427133,1.9046422836847987
Myoma Dunes Mutual Water Company,360000000.0,308000000.0,461900000.0,-0.22061052175795626,-0.3331890019484737,0.11257848019051742,279.52799368073266,1.8822098206546163
Clovis  City of,2710161000.0,2263860000.0,3391994000.0,-0.2010124428286135,-0.33258726283124324,0.13157482000262974,203.02072941807668,1.8747483345300757
Lee Lake Water District,277795823.357332,226534067.516736,342512789.586604,-0.1889475902706646,-0.3386113616657894,0.14966377139512482,155.13615561311966,1.8641171302889943
North Tahoe Public Utility District,142485000.0,118743000.0,166399000.0,-0.1437148059784013,-0.2863959518987494,0.14268114592034808,170.64919211469532,1.8638832561212968
Red Bluff  City of,429874559.0,359620149.0,533822065.0,-0.1947231349457239,-0.3263295532753971,0.13160641832967318,200.10009801477068,1.8616615137257932
Quartz Hill Water District,543230172.46597,459730744.29722,756714993.37929,-0.28212051139617694,-0.39246513110017356,0.11034461970399662,284.03996065090234,1.8596914061251728
Glendora  City of,1063148933.8443601,874888271.89511,1356881185.68497,-0.21647602969181876,-0.35522116370605,0.13874513401423125,174.87719872887135,1.8347815092485853
Arvin Community Services District,284930000.0,222193000.0,340940000.0,-0.16428110517979702,-0.34829295477210065,0.18401184959230363,99.19113284833706,1.832661328628741
Sacramento Suburban Water District,3707161000.0,3031830000.0,4700581000.0,-0.21133983224626912,-0.3550095190360511,0.14366968678978198,159.81803532241668,1.8162600847050767
Pleasanton  City of,1542951000.0,1203607000.0,2201886000.0,-0.2992593622013129,-0.45337451621019437,0.15411515400888148,138.564470403172,1.8141420406955335
Valencia Water Company,2764269342.5549397,2246090627.79673,3537166117.7990503,-0.21850734444019673,-0.3650027866957159,0.14649544225551916,150.71412241129434,1.798461261837443
Western Municipal Water District of Riverside,2430851645.42,2038526527.3120003,2840772740.586,-0.1442991511814636,-0.28240422115164016,0.13810506997017655,168.314041209734,1.7917185745229525
California Water Service Company Bear Gulch,1315071189.0866,1087235871.3281999,1744087177.8748,-0.24598311038039006,-0.37661609745161057,0.1306329870712205,184.327233847406,1.7735670450910397
Livermore  City of Division of Water Resources,598240000.0,474837000.0,789902000.0,-0.2426402262559153,-0.3988659352679193,0.156225709012004,126.69262722445266,1.758442515057721
Tuolumne Utilities District,511163133.53489995,395257780.951,653983813.989,-0.21838565022421527,-0.39561534628799205,0.17722969606377678,97.6198934587174,1.7510786678753627
California Water Service Company Los Altos/Suburban,1245599664.8502,1009943912.8438001,1647276718.9130998,-0.24384309536526017,-0.38690087630803305,0.14305778094277288,146.6887571927907,1.7326462329557606
Brentwood  City of,1051930000.0,834050000.0,1480380000.0,-0.28941893297666815,-0.4365973601372621,0.14717842716059393,138.4242265103223,1.7316104984170069
East Niles Community Service District,963542669.639,819516338.905,1205650279.9,-0.2008108108108108,-0.32027027027027033,0.11945945945945952,206.61399283406368,1.7171190665415006
Fruitridge Vista Water Company,347194782.0,287137090.0,462408155.0,-0.24915947470692856,-0.3790397360098461,0.12988026130291752,174.07898133964034,1.7136271014909465
Yorba Linda Water District,1616255663.0627,1325469108.12217,2245018576.6019,-0.2800702497931695,-0.4095954831124723,0.12952523331930277,170.91380360222135,1.6933352647460458
La Verne  City of,773479071.744159,650482540.405885,952251917.69345,-0.1877369240508495,-0.3169007819049737,0.12916385785412424,169.55004629811467,1.6818604746843937
Morgan Hill  City of,758131000.0,612804000.0,977098000.0,-0.2240993226882053,-0.3728326124912752,0.1487332898030699,122.41843147427868,1.645627701702751
Lake Arrowhead Community Services District,192154586.5019,150517291.15984,226632925.99277002,-0.15213296717516653,-0.33585426521545353,0.183721298040287,80.21560447275446,1.6454660850865512
South Tahoe Public Utilities District,728330000.0,602289000.0,797060000.0,-0.0862293930193461,-0.2443617795398088,0.15813238652046271,107.25577270419534,1.6376879869602115
Redding  City of,2861390000.0,2473250000.0,3616740000.0,-0.20884829985014128,-0.3161659394924711,0.10731763964232985,231.7030364856373,1.633567087477796
Sanger  City of,636255000.0,542580000.0,726392000.0,-0.12408864635073073,-0.25304794105661954,0.1289592947058888,158.90331169723532,1.6256203357752848
Trabuco Canyon Water District,266546467.286,217342901.80900002,326177278.42700005,-0.1828171828171829,-0.3336663336663337,0.1508491508491508,115.41088296636833,1.620564241049692
Norco  City of,740399612.4294,629121350.1089001,886674318.0097001,-0.16497004887729236,-0.2904707654992466,0.12550071662195425,165.5127794238303,1.6145889338584403
East Orange County Water District,73218815.6469,62596059.1267,102480273.7915,-0.2855325914149444,-0.3891891891891892,0.1036565977742448,236.18262423364834,1.5930188770657934
Paradise Irrigation District,600500000.0,494100000.0,913600000.0,-0.34271015761821366,-0.4591725043782837,0.11646234676007006,185.101366831669,1.5844930912416333
Riverside Highland Water Company,342261304.86372,293787646.5832,442995015.0065,-0.2273924236851784,-0.33681500551673416,0.10942258183155576,206.02557903062834,1.5706070026803054
Tracy  City of,1715999110.718827,1440013053.4440641,2138000169.986571,-0.19738120940860107,-0.32646728767420585,0.12908607826560478,146.21802067439765,1.5609171673712483
Vacaville  City of,1631863946.416,1351957570.623,2152248675.335,-0.24178652535957615,-0.3718395155185466,0.13005299015897046,140.84139770904468,1.5434249093666768
La Habra  City of Public Works,857484547.17904,716205143.97465,955161770.93656,-0.1022624928358943,-0.2501739854261619,0.14791149259026765,108.82410018807276,1.542994798497228
Casitas Municipal Water District,1327417699.65563,1129176208.49737,1453277813.3343801,-0.08660430409377706,-0.22301421095351065,0.1364099068597336,125.87153415126967,1.5304166261820142
Golden State Water Company Orcutt,590801222.2937,493730082.1904,828737934.2890999,-0.2871073015373727,-0.4042385876616993,0.1171312861243266,166.38416368597532,1.5108762902999067
California Water Service Company Palos Verdes,1660766967.9909,1439416093.6298,2087469411.6474001,-0.20441135150323128,-0.3104492522868471,0.10603790078361583,202.4762586583273,1.50885732361137
Golden State Water Company Simi Valley,567372504.6924,461079769.205,730037537.0508001,-0.22281735404392083,-0.3684163542224604,0.14559900017853955,106.5229291223854,1.5027264917102048
California Water Service Company Chico District,2263657278.2263002,1882313353.2082,3308532464.0445,-0.31581228147929274,-0.4310730290047767,0.11526074752548393,169.27868844560032,1.4996246642502304
Sunnyslope County Water District,233971408.0,191872472.0,302628084.0,-0.226868158078812,-0.36597929225894316,0.13911113418013116,115.96930606328401,1.4980745313586816
Camrosa Water District,722947009.99928,626286442.694,870675012.944,-0.16967065868263476,-0.280688622754491,0.11101796407185627,180.378576834045,1.491027785611896
Amador Water Agency,350910000.0,287480000.0,431220000.0,-0.18623904271601502,-0.3333333333333333,0.1470942906173183,102.60642554522207,1.4899891140119677
Rancho California Water District,3704930724.99,3262098635.697,4645012091.885,-0.20238512802525438,-0.297720098211154,0.09533497018589965,243.28610106025533,1.486999711562435
Newhall County Water District,934235592.29462,789792171.73406,1142611062.83258,-0.18236780416022635,-0.3087830168770355,0.12641521271680917,138.329230930998,1.486812901645703
Elsinore Valley Municipal Water District,2435283224.8272,2070753233.4422998,2799617705.3559,-0.13013722546178286,-0.26034428576416774,0.13020706030238488,128.354551289493,1.47516354152145
"Lathrop, City of ",429130000.0,357810000.0,539380000.0,-0.2044013496978012,-0.33662723868144906,0.13222588898364787,123.72710371618366,1.4707840752851038
California Water Service Company Westlake,649356723.7256,570435508.1062,867155817.5323999,-0.2511648880204418,-0.34217646174658045,0.09101157372613866,260.9580135553933,1.4702187020664181
California-American Water Company Sacramento District,3114813790.693,2556630296.242,4278429236.51,-0.27197258187357204,-0.4024371667936024,0.13046458492003038,124.89701363831432,1.4580373994231914
Bakersfield  City of,4059193932.1856403,3557551043.9088,5118824477.56661,-0.20700661841890264,-0.305006245183857,0.09799962676495436,220.71182976369064,1.4559190455217006
Upland  City of,1854962368.702352,1605515470.0183759,2351930680.356152,-0.21130227850871194,-0.31736275927347773,0.10606048076476579,186.80281459291768,1.4495903832527166
Groveland Community Services District,46559260.0,39207168.0,59894604.0,-0.2226468347632785,-0.34539732494099135,0.12275049017771283,139.21730107526867,1.448337715550297
Poway  City of,1016301274.1845698,860215182.1373,1364437680.2771,-0.2551500967210376,-0.3695460081675543,0.11439591144651667,159.66576049564165,1.445494354486164
Coalinga City of,425887815.089,364627746.813,564048820.137,-0.24494511842865394,-0.3535528596187174,0.10860774119006347,176.5032007553683,1.4429027930715432
Vista Irrigation District,1733529591.64,1438634050.205,2019301293.119,-0.1415200903663062,-0.2875584960464741,0.1460384056801679,97.27877600851944,1.4403768471099905
Atascadero Mutual Water Company,537000000.0,452910000.0,694000000.0,-0.22622478386167147,-0.3473919308357349,0.12116714697406342,140.01135794950497,1.4337271714998532
Fairfield  City of,2160000000.0,1816000000.0,2484000000.0,-0.13043478260869565,-0.2689210950080515,0.13848631239935585,106.819969255359,1.4313079232108719
Golden State Water Company San Dimas,1052760790.3515999,884816964.8757999,1351762059.7668,-0.22119371323883907,-0.34543438434095075,0.12424067110211168,131.30877383818964,1.4236743534437188
Vallecitos Water District,1350686750.0577002,1120309791.1687,1632613404.6980999,-0.17268427040296971,-0.31379358521445816,0.14110931481148845,101.5778459462659,1.4221820160141916
City of Newman Water Department,242231000.0,208098000.0,288857000.0,-0.16141551009669144,-0.27958124608370233,0.11816573598701088,141.76643490800234,1.4069487348734675
Diablo Water District,536005000.0,448729000.0,689433000.0,-0.2225422919993676,-0.3491332732839884,0.12659098128462082,121.28464294356634,1.3941377060898756
Shafter  City of,538000000.0,465000000.0,670000000.0,-0.19701492537313434,-0.30597014925373134,0.108955223880597,162.86511826510335,1.3904715166503878
Laguna Beach County Water District,314625845.33984995,261160143.19769,372484024.71797,-0.15533063309742737,-0.2988688752613484,0.14353824216392105,92.97746236004572,1.3840649404905412
California Water Service Company Bakersfield,6818082673.4053,5936556807.9422,9004936770.2877,-0.242850577707336,-0.34074419850118154,0.09789362079384553,198.21022770050163,1.37821642797512
California-American Water Company San Diego District,990262486.6529999,814628567.5,1128423491.701,-0.12243719318509971,-0.2780825873520069,0.1556453941669072,74.71313360467259,1.3453483473722339
Jurupa Community Service District,2462556337.564246,2165323463.843375,2908927499.205893,-0.1534487063577561,-0.25562824634354553,0.10217953998578944,170.34007083053532,1.333590075683261
Woodland  City of,1054096528.0,884229081.0,1381365800.0,-0.23691716705307167,-0.3598878146541633,0.12297064760109164,116.99883032511467,1.330124277085055
Cucamonga Valley Water District,4576023805.31485,3972090770.5130405,5645452873.711781,-0.18943193616525594,-0.2964088339114122,0.10697689774615626,152.71875975634967,1.3220144244227916
Lodi  City of Public Works Department,1541700000.0,1349800000.0,1918600000.0,-0.1964453247159387,-0.29646617325132907,0.10002084853539037,170.62050616201768,1.3064901734473695
Loma Linda  City of *,512414403.01458,451819071.64966,595108978.15864,-0.13895702834114507,-0.24077927197862373,0.10182224363747866,164.11363745625263,1.3044126387101918
Santa Margarita Water District,2575301583.0091,2185713616.8879,3080762316.5715003,-0.16407001956740186,-0.2905283198476917,0.12645830028028981,106.01390457616127,1.3020532781230754
Adelanto City of,434024228.541288,387316100.0,393342171.40125597,0.10342663486883408,-0.015320176272451228,0.11874681114128531,117.48340364593032,1.2870938520175168
Galt  City of,531900000.0,464400000.0,733800000.0,-0.2751430907604252,-0.3671300081766149,0.0919869174161897,195.1323895310223,1.28496336780224
Banning  City of,783998533.362,672231493.901,994172703.777,-0.21140609636184854,-0.3238282530317928,0.11242215666994426,129.7346356351354,1.2805008780868885
Rosamond Community Service District,263000000.0,227100000.0,331200000.0,-0.20591787439613526,-0.31431159420289856,0.1083937198067633,136.10934937124134,1.2645852136531825
Joshua Basin Water District,152092131.106531,131157480.32748899,178006443.392987,-0.14558075422722014,-0.2631868946567793,0.11760614042955916,114.57178704637056,1.2588350923943397
"Tehachapi, City of",232347708.319496,205232307.673118,297620636.919001,-0.2193158689371038,-0.3104231285918085,0.09110725965470468,186.3715985964087,1.24377793838636
California Water Service Company Marysville,213921461.82549998,184953269.9652,270717365.5516,-0.20979778526721232,-0.3168030813673567,0.10700529610014436,134.27875289390002,1.2399635609747717
Placer County Water Agency,3161565930.0,2830284206.0,3800783338.0,-0.16818043838730384,-0.25534187184441925,0.08716143345711541,201.910760085138,1.238523056501409
Riverside  City of,6376912426.39,5592913893.028,7517718272.317001,-0.15174894889688365,-0.2560357158337308,0.10428676693684716,140.2524342821067,1.235049623769637
Paso Robles  City of,609275000.0,521444000.0,791441000.0,-0.23017003162585714,-0.34114608669502844,0.1109760550691713,123.291411236598,1.2322411124365154
Chino Hills  City of,1338542727.055098,1173023999.91854,1586589755.7339761,-0.15633973923153716,-0.2606633216436693,0.10432358241213213,137.803495661694,1.2246517552663576
Davis  City of,1158200000.0,1001200000.0,1446400000.0,-0.1992533185840708,-0.30779867256637167,0.10854535398230086,126.27766865604035,1.219760364143121
Manteca  City of,1407361000.0,1228755000.0,1817968000.0,-0.2258604111843553,-0.32410526477913804,0.09824485359478274,152.20023976354966,1.2120414661456136
Golden State Water Company Placentia,608332029.0662999,517614991.7895,749751548.3843,-0.18862184362640716,-0.3096179755747751,0.12099613194836795,99.89659002808669,1.2093355473338132
Contra Costa Water District,2601271941.741,2178968492.349,3638782885.309,-0.28512581713978685,-0.4011820542670368,0.11605623712724994,108.51586239762906,1.2089688149577666
"Tulare, City of",1767600000.0,1561700000.0,2130200000.0,-0.17021875880199042,-0.2668763496385316,0.09665759083654116,155.737162135638,1.206235468925829
Triunfo Sanitation District / Oak Park Water Service,198801955.61270002,172766426.5954,270847706.1224,-0.26600096246390753,-0.3621270452358036,0.09612608277189605,157.441552994605,1.2061489059684054
West Kern Water District,1679672867.78544,1470228604.56692,1905129470.12674,-0.11834187958170704,-0.22827890302431145,0.1099370234426044,118.31420306230508,1.1958106462268954
Desert Water Agency,2816494129.67454,2501593433.592512,3730332342.5980997,-0.24497501267865324,-0.32939127030965726,0.08441625763100402,200.551861130612,1.1954720952828506
Turlock  City of,2031050000.0,1803387400.0,2484110000.0,-0.18238322779587055,-0.2740307796353624,0.09164755183949183,168.58665734418832,1.1899602879966347
Padre Dam Municipal Water District,973057531.3074,822970364.0312002,1223604693.5277,-0.20476152432691538,-0.32742137359857243,0.12265984927165705,93.49950926454345,1.1860611822130527
Mesa Water District,1483731887.7018,1285940071.5128,1721440503.6983,-0.13808703552972787,-0.252986049328967,0.11489901379923914,104.3585890782944,1.1737629598957138
Walnut Valley Water District,1718647956.96891,1508578059.01055,2130729447.09592,-0.19339925615082526,-0.29198985771437663,0.09859060156355137,141.21154378537832,1.1715764060523746
Coachella Valley Water District,9740318270.7413,8791829937.0297,12544823747.502201,-0.22355877876078611,-0.29916672294576957,0.07560794418498346,235.8008332991533,1.1610210593251231
Sunnyvale  City of,1735810551.629,1427229250.26,2237295897.782,-0.22414797553160506,-0.3620739877658025,0.13792601223419745,70.2228840314224,1.1558075068287184
San Bernardino County Service Area 64,282897691.89286,247614499.3773,373415959.79919,-0.2424059966665794,-0.3368936359590565,0.09448763929247714,148.16466147847635,1.1501310153270201
Sierra Madre  City of,206778798.54566002,186406567.32962,243775969.56724,-0.15176709618777728,-0.23533657701972943,0.08356948083195215,189.38813724265435,1.1500695115291852
"Windsor, Town of",363086469.56329,314781276.470529,425144873.83544004,-0.1459700165552763,-0.25959056349255016,0.11362054693727386,101.29512232260606,1.1435394251711397
"Colton, City of",970743986.1757,861583758.1307001,1074397325.1044002,-0.09647579764648812,-0.19807715637510617,0.10160135872861806,125.650608979482,1.138890092061179
Crestline Village Water District,67061622.852485806,56468332.0480266,73693103.3715058,-0.08998780368346004,-0.23373654433637728,0.14374874065291723,61.97185564744893,1.1316217834446303
Marin Municipal Water District,2514696476.10137,2203873316.91461,2858648949.87122,-0.12031994127342745,-0.229050731460436,0.10873079018700856,108.20727051306301,1.1310472948096582
Vallejo  City of,1577748000.0,1366919000.0,1818329000.0,-0.13230883959943443,-0.24825540372506846,0.11594656412563403,92.92757858394312,1.1177127216606855
East Valley Water District,1873567500.9075198,1647097500.62825,2473948755.1550198,-0.24268136233479887,-0.3342232747561332,0.09154191242133436,147.867325141175,1.1131561485574777
Lincoln Avenue Water Company,201757428.05559,175487286.01085,257034864.13186997,-0.21505812553086284,-0.3172627121867115,0.10220458665584864,118.181978238194,1.1110817490825193
Lake Hemet Municipal Water District,866276018.6795,748611068.3898,1227319399.7955,-0.2941723085092261,-0.3900438072481084,0.09587149873888229,133.57714755041232,1.108040409822284
West Valley Water District,1847251739.663,1669281465.77841,2130416629.7259998,-0.1329152646069133,-0.21645304374426425,0.08353777913735094,173.312555701067,1.0997600478544225
Antioch  City of,1574516000.0,1343744000.0,2102293000.0,-0.25104826016164256,-0.3608198286347336,0.10977156847309105,99.83151363129083,1.0967905442347472
Tahoe City Public Utilities District,155491917.0,133142768.0,211935505.0,-0.2663243612720766,-0.3717769563905774,0.1054525951185008,106.24479902250977,1.086953866045531
East Bay Municipal Utilities District,17740000000.0,15177200000.0,21552000000.0,-0.17687453600593914,-0.29578693392724575,0.11891239792130662,83.53489989759343,1.0868287421479486
Napa  City of,1346092244.937,1178604611.459,1622740106.46,-0.17048192771084336,-0.27369477911646584,0.10321285140562247,109.47163757319434,1.0799025920163927
Cerritos  City of,684284738.18573,608797996.60691,811194093.45942,-0.15644758300997003,-0.24950390847814383,0.0930563254681738,131.87382999765165,1.068624702642142
Sacramento  City of,10184000000.0,8994000000.0,13658000000.0,-0.2543564211451164,-0.3414848440474447,0.0871284229023283,150.32429998424365,1.068253804214686
Exeter  City of,218439208.0,195305455.0,293726309.0,-0.25631718607814596,-0.335076739755035,0.07875955367688903,181.24860980448798,1.0603288753079447
Ventura County Waterworks District No. 8,1774622715.09897,1573937338.23821,2242848406.0980797,-0.20876386015481524,-0.2982417652665101,0.08947790511169484,140.31069084381966,1.0598909628591977
Orange  City of,2465913258.9652,2175514467.2228003,3002851240.3758,-0.17880938429151208,-0.2755170692536406,0.09670768496212853,119.89348837736735,1.058909355379231
Dublin San Ramon Services District,832810000.0,679411000.0,1203386000.0,-0.30794441683715784,-0.4354172310463974,0.12747281420923956,68.26022765873664,1.053177179167069
San Bernardino County Service Area 70J,176422479.60634,154935836.50996,223341826.58007,-0.21007863906275076,-0.30628383011628074,0.09620519105352998,119.79201389523568,1.0529613723288398
Paramount  City of,574124146.25984,488868378.89956,619557610.72645,-0.07333210613511446,-0.21093959555052988,0.13760748941541542,57.72300962319107,1.045481987445383
San Bernardino  City of,3867768458.6047096,3429571605.8607903,4944126105.89394,-0.21770432716230562,-0.30633411599830246,0.08862978883599684,138.95527618454233,1.04476168092363
Golden State Water Company Norwalk,422857396.81789994,365507545.6659,463816921.19179994,-0.0883096810453843,-0.21195728537305036,0.12364760432766607,71.3080136937859,1.0441307256238468
Anaheim  City of,5449865116.575001,4767206377.01,6479881477.322,-0.1589560494820475,-0.2643065473197223,0.1053504978376748,92.56024231659258,1.0135585316370392
Victorville Water District,2147149100.50245,1922523419.3000002,2677195324.232,-0.19798563777994155,-0.2818889970788704,0.08390335929892884,143.90937232263164,1.0065234297805106
Carlsbad Municipal Water District,1453590630.7043,1287667084.0759,1743663571.0197,-0.1663583188503299,-0.2615163237465194,0.0951580048961895,111.82203552204199,1.006257255286373
"Modesto, City of",5571416420.0,5042602209.0,7385301317.0,-0.24560743281044928,-0.31721103952893737,0.07160360671848809,197.28149094082198,1.005722275342535
Huntington Beach  City of,2510261638.1799,2207904099.0666,2948922829.2073,-0.1487530248953027,-0.2512845445806032,0.10253151968530047,95.58653992394106,1.0024339458837128
Otay Water District,2730993394.8297,2391879814.7508,3266008852.8209996,-0.16381322957198435,-0.26764441783897025,0.1038311882669859,91.59106449482537,0.9936979124701528
"Kerman, City of",344084000.0,312614000.0,429818000.0,-0.19946582041701372,-0.2726828564648293,0.0732170360478156,182.24929552257132,0.9884280762825797
Alameda County Water District,3937000000.0,3374000000.0,5273000000.0,-0.25336620519628295,-0.36013654466148304,0.10677033946520009,84.2345373666804,0.9799315060297039
Thousand Oaks  City of,964161787.3503001,857184763.8662,1255929155.0861,-0.2323119632618115,-0.3174895571180241,0.08517759385621262,132.03027081770134,0.9787282518019029
Norwalk City of,187000000.0,167580000.0,204640000.0,-0.08620015637216576,-0.18109851446442532,0.09489835809225956,105.09675623433573,0.9728667360771547
Palo Alto  City of,1076021859.6655362,939601870.06462,1398278150.552248,-0.23046651394748402,-0.3280293554658452,0.0975628415183612,97.60514875143947,0.9638751960899071
Lakewood  City of,656743775.57569,572380841.12539,806276995.42599,-0.18546134975771605,-0.29009404414052864,0.10463269438281259,84.53019571815673,0.9619961770980353
Redwood City  City of,878049163.5753881,753262129.81782,1115893028.493936,-0.2131421729908589,-0.3249692303979536,0.1118270574070947,73.5973970634231,0.9593523075858612
Hesperia Water District City of,1469915787.197,1312529547.956,1761878665.789,-0.1657111152210098,-0.25503976326983535,0.08932864804882554,114.78074520665824,0.957029403672324
Lakeside Water District,349400709.62929,305941904.8103,446970402.4159,-0.21829117153896627,-0.3155208864912153,0.09722971495224902,96.23895316267773,0.9538376428323148
Crescenta Valley Water District,358508257.01394,316727587.044,454069075.75309503,-0.21045436441727047,-0.3024682719943164,0.09201390757704594,106.90422961727835,0.9513732114470974
Healdsburg  City of,186917684.0,166876424.0,231495256.0,-0.1925636523627076,-0.2791367439512454,0.08657309158853779,120.29940467512132,0.9495430641204732
Covina  City of ,492726459.79524004,441766555.12671,591074937.49238,-0.16638918597087,-0.2526048270615346,0.0862156410906646,120.05684608785499,0.9446687022373004
San Gabriel Valley Fontana Water Company,3586972508.4160004,3195299093.162,4578212549.35,-0.21651245551601422,-0.3020640569395018,0.08555160142348756,121.92167266415466,0.9446449332862942
California-American Water Company Los Angeles District,1740372471.6069999,1564412701.027,2243487074.895,-0.22425562817719685,-0.3026870007262164,0.07843137254901955,142.45716336851135,0.9361209429334479
Helix Water District,2778535118.029,2444276724.2124,3391461652.216,-0.1807263643351269,-0.27928516525749425,0.09855880092236735,88.85211371852519,0.9290290474605817
"Greenfield, City of",164945992.3474,145329736.442,196162559.054,-0.15913621262458463,-0.2591362126245847,0.10000000000000006,85.69956505678665,0.9257405957220779
Corona  City of,3118787222.99384,2815936344.82006,3637782521.42811,-0.14266803894327476,-0.2259195462529773,0.08325150730970254,120.62240583947232,0.9143365874206849
Estero Municipal Improvement District,470003283.084244,416433786.98406804,510481870.0944201,-0.0792948572349671,-0.18423393389652928,0.10493907666156219,75.2783500091163,0.910483928740512
Lamont Public Utility District,366946000.0,332114000.0,468748000.0,-0.21717852662838028,-0.29148711034500413,0.07430858371662385,148.65865945629133,0.9060122924136843
Santa Rosa  City of,1821520640.0,1599359938.0,2221965180.0,-0.18022088897000627,-0.2802047699055302,0.09998388093552396,80.67069679564041,0.89802389816976
California Water Service Company Visalia,3050555889.2886,2789385970.5481,3773880886.9432,-0.19166609104096155,-0.260870691441597,0.06920460040063547,168.213457503066,0.897563811347235
Tustin  City of,952691817.1198999,860769129.5631999,1204249118.7639,-0.2088914143464027,-0.28522336769759465,0.07633195335119194,136.05135586200467,0.8903439528090445
Merced  City of,2178460000.0,1966470000.0,3424810000.0,-0.36391799837071254,-0.4258163226573153,0.061898324286602746,204.31982671927003,0.8847776585128326
Phelan Pinon Hills Community Services District,318780451.0341,290783296.42626,350733441.96572,-0.09110334832212272,-0.17092794232412947,0.07982459400200675,121.831548606326,0.8810825511861332
Hollister  City of,302297419.0,270424128.0,365759026.0,-0.17350660541183746,-0.2606494747172692,0.08714286930543172,102.01856599053944,0.8801799329216997
Gilroy  City of,771474000.0,680738000.0,1025360000.0,-0.2476066942342202,-0.33609854100023406,0.08849184676601388,98.28211298243987,0.8772845905518619
Chino  City of,1372919592.9219098,1231793339.8882098,1629341856.3710203,-0.1573778163535499,-0.24399331234775817,0.08661549599420829,100.12180929944982,0.8666823280395397
Santa Paula  City of,381562245.47419,338934361.79405,489132318.55543,-0.21992019132763524,-0.307070195657822,0.08715000433018677,97.76305418095006,0.8616974215264148
Reedley  City of,515050000.0,458670000.0,636510000.0,-0.19082182526590313,-0.2793985954659,0.08857677019999688,94.45295687813842,0.8608502690339095
Oildale Mutual Water Company,930631675.5120001,859921915.8529999,1194245479.955,-0.22073669849931776,-0.2799454297407913,0.05920873124147352,208.416913271688,0.8547758325100574
Ontario  City of,3089381086.81565,2792546729.39,3614995731.1379995,-0.1453984135568775,-0.22751036596358384,0.08211195240670635,107.73375453724134,0.8522799589814264
Big Bear City Community Services District,108915839.47475,97348113.81625,128013991.61122,-0.14918800590541162,-0.2395509850837449,0.09036297917833327,88.35380665391983,0.8493822351800567
Whittier  City of,696041457.67189,630783192.3866,797948232.95187,-0.1277110106541544,-0.20949359076449373,0.08178258011033931,107.86586606180633,0.849381553885317
San Diego  City of,16001911877.116001,14112657888.512701,18792112476.231598,-0.14847721897389998,-0.24901163153623657,0.10053441256233658,70.36128678547198,0.8432990892466351
"Corcoran, City of",574281000.0,529758000.0,796280000.0,-0.27879514743557543,-0.33470889636811174,0.05591374893253631,219.65899367944567,0.8286919247438655
Mid-Peninsula Water District,265242763.617944,236634264.918632,345961309.06688404,-0.23331668407271194,-0.31600945332044644,0.0826927692477345,95.91478525953143,0.8098606829755622
California Water Service Company Stockton,2475591046.3471003,2219439239.5824,3056095363.5476,-0.18994967373224705,-0.27376636669936455,0.0838166929671175,92.22566886577364,0.8049268757661174
"Imperial, City of",264741000.0,242358000.0,294533000.0,-0.10114995603209148,-0.17714483606251252,0.07599488003042104,111.76799496155434,0.8034207864004079
Monte Vista Water District,823465658.2002399,740901423.62698,1055155798.34005,-0.21957908064790088,-0.29782746321201925,0.07824838256411837,102.03828517335211,0.7904182240789653
Brawley  City of,597190000.0,543620000.0,825970000.0,-0.27698342554814337,-0.34184050268169547,0.0648570771335521,148.41206997612633,0.7901180513411254
Madera  City of,1078650000.0,973129000.0,1388547000.0,-0.22318077818035686,-0.29917460482072267,0.0759938266403658,107.40351008575665,0.7875670740917692
Suburban Water Systems Whittier/La Mirada,1867050472.36752,1700572978.31322,2303531717.34829,-0.1894834968815733,-0.26175404249660855,0.07227054561503526,117.38983184894433,0.783026704818144
Menlo Park  City of,299866348.031124,260750711.67020398,497606399.965444,-0.39738245317594784,-0.475990036124311,0.07860758294836317,96.24265840065804,0.7711666645257181
Coastside County Water District,197440000.0,176200000.0,229720000.0,-0.14051889256486158,-0.2329792791224099,0.09246038655754832,68.55315705722407,0.765542726917267
San Jose Water Company,11120400000.0,9839500000.0,15483200000.0,-0.2817763769763356,-0.36450475353932005,0.08272837656298443,85.4486079432316,0.7647280106408912
Orchard Dale Water District,201382698.91454,182802650.547,215009805.59168,-0.0633790009699321,-0.14979388942774005,0.08641488845780795,78.19513840818156,0.7641497054714055
"City of Big Bear Lake, Dept of Water & Power",240080000.0,215790000.0,270090000.0,-0.1111111111111111,-0.201044096412307,0.0899329853011959,72.05337977899445,0.7633895109323579
Pittsburg  City of,883370000.0,798720000.0,1078450000.0,-0.1808892391858686,-0.25938151977374935,0.07849228058788074,92.70546864747962,0.7557525557465421
Moulton Niguel Water District,2408527564.15623,2205382009.02162,2881217419.7052402,-0.16405907180630896,-0.23456591858061202,0.07050684677430305,111.51413439183533,0.7445540859441264
Nipomo Community Services District,194109695.0639,176644058.57669997,270098247.8403,-0.2813367113041381,-0.34600072385088687,0.06466401254674875,131.32842063778733,0.7410406138222898
Yuba City  City of,1494880000.0,1373450000.0,2008190000.0,-0.2556082840767059,-0.31607567013081433,0.06046738605410845,149.79364019799334,0.7400616204768304
Hemet  City of,386215403.85175,346777605.64194,479969376.42819,-0.1953332382872699,-0.27750056009287355,0.08216732180560365,80.7447753121558,0.7383399143207363
California Water Service Company Mid Peninsula,1303112441.7157,1165146947.5239,1632613404.6981,-0.20182424206135371,-0.28633015987066646,0.08450591780931274,75.2653178630732,0.7331360460976271
Golden State Water Company Bay Point,164489800.34960002,145883683.8679,208968520.1351,-0.21284890067051296,-0.3018867924528301,0.08903789178231716,64.48869249100943,0.7150174718843793
Great Oaks Water Company Incorporated,971816037.3705301,865708059.642239,1351062782.604458,-0.28070253293695946,-0.35923920724586583,0.07853667430890637,81.97975173006279,0.711092022053247
Coachella  City of,662690000.0,611250000.0,769400000.0,-0.1386924876527164,-0.2055497790486093,0.06685729139589289,112.31248967949067,0.7085374422307955
Oceanside  City of,2254175001.7005997,2041394019.8696,2773940612.9083004,-0.1873744552385206,-0.2640815703226868,0.07670711508416622,85.00271153319234,0.7072159376715657
Rincon Del Diablo Municipal Water District,531202996.29539996,487147883.36499995,737075927.874,-0.2793103448275862,-0.339080459770115,0.05977011494252876,136.73236161858298,0.6989075765249964
Fresno  City of,12941783000.0,12073722000.0,16888514000.0,-0.23369320711105784,-0.28509269672867604,0.0513994896176182,179.13253501458368,0.6879328409457949
Golden State Water Company West Orange,1278771340.1188,1164104222.9575,1560535069.0457,-0.18055584556597282,-0.25403520494456167,0.07347935937858885,83.86245332852683,0.6728978534438791
Sunny Slope Water Company,317209184.393556,289522285.69418,406444301.270476,-0.21955066560900507,-0.2876704513037028,0.0681197856946977,95.8949126770005,0.6670694583363074
Fullerton  City of,2381530773.4292803,2206616985.9299498,2926491216.97262,-0.1862163263579131,-0.2459854404713921,0.05976911411347899,124.40542913784167,0.6666478544193364
California Water Service Company Willows,125876406.25009999,115742426.87040001,181238563.6974,-0.30546565983459195,-0.3613807982740021,0.05591513843941015,141.86384734946236,0.665986263162194
Downey  City of,1283199661.0117302,1177082885.29491,1537989408.81157,-0.16566417579996212,-0.23466125413408306,0.06899707833412094,93.05584634358974,0.6655834779046087
Ventura County Waterworks District No 1,970418134.7486999,902706208.2181001,1254560579.0927,-0.22648762369808584,-0.2804602477857717,0.05397262408768588,150.59393217403866,0.6623343364813714
San Juan Capistrano  City of,728023775.23194,671325626.93394,914241348.7339,-0.20368535481341546,-0.26570196385928635,0.06201660904587089,113.47692964216934,0.660635343473217
Dinuba  City of,447150000.0,410870000.0,638830000.0,-0.3000485262119813,-0.356839847846845,0.05679132163486372,131.24978824162835,0.6506258006613349
San Fernando  City of,268501575.848,247321233.093,330739198.40500003,-0.18817733990147795,-0.252216748768473,0.06403940886699505,102.2932099784809,0.6476952587105023
San Gabriel County Water District,496841963.31824994,455810751.63041,603955844.40169,-0.1773538282248972,-0.24529126449308591,0.06793743626818871,89.9587027551115,0.6443632244045232
Mountain View  City of,936171149.771,839067424.5250001,1289719948.066,-0.2741283476503284,-0.3494188984335522,0.07529055078322383,73.17711596169973,0.6440626562163534
Millbrae  City of,210349963.621756,190818327.259476,263401807.773916,-0.2014103266811884,-0.27556181610089825,0.07415148941970984,74.3027593605635,0.6391787821546642
Palmdale Water District,1890524809.1686,1761064037.2215,2415989561.83453,-0.21749462868826694,-0.2710796167992242,0.05358498811095727,141.03513664293735,0.6363657546593467
Scotts Valley Water District,114276568.0,104036605.0,147446532.0,-0.22496265968466453,-0.2944113124342592,0.06944865274959469,83.80409024754626,0.6357647329285366
Garden Grove  City of,2099460744.161,1922197567.8730001,2480413647.4666996,-0.15358442479736195,-0.22504959209679307,0.07146516729943111,79.13859573980322,0.6357532435754849
Carpinteria Valley Water District,175011542.92742997,159302245.63176,240892184.43829,-0.27348600646583804,-0.3386989868383676,0.06521298037252954,94.50428097077854,0.6339569829900158
El Centro  City of,744376000.0,696212000.0,859261000.0,-0.13370209982764258,-0.18975491730684857,0.056052817479205985,127.79363587558733,0.6336538244443811
Fillmore  City of,191443000.0,178093000.0,247287377.0,-0.225827851293841,-0.27981362348309435,0.05398577218925335,136.692459367196,0.6311776271904003
South Coast Water District,481539980.30633,441724194.44119996,648444339.73,-0.257391959798995,-0.3187939698492463,0.06140201005025131,102.81764672899207,0.6226104679383615
Hayward  City of,1352124841.464544,1196293651.864976,1813057246.6273398,-0.2542293719738994,-0.3401787758823784,0.085949403908479,51.49028164016843,0.6167448088306707
Sweetwater Springs Water District,68559140.2408,62596059.12670001,86676479.582,-0.20902255639097755,-0.2778195488721804,0.06879699248120286,78.61296298747747,0.6099813205922641
Santa Cruz  City of,777000000.0,689600000.0,995300000.0,-0.21933085501858737,-0.30714357480156734,0.08781271978297997,48.23480264582626,0.609870577084053
Arcadia  City of,1328496267.879,1248239061.4089,1755687488.6759999,-0.24331848552338528,-0.2890311804008908,0.04571269487750554,177.55437542650233,0.6091195158479198
Burlingame  City of,359045333.0,323078440.0,488671779.0,-0.26526280331813473,-0.33886413358852874,0.073601330270394,68.2267636288914,0.6079432617492628
Pasadena  City of,2727881513.70185,2539490511.1818,3353688954.79816,-0.18660270810176371,-0.24277697025285466,0.05617426215109095,115.70963537320598,0.6042576247222914
Fallbrook Public Utility District,616967091.8817999,574453256.20111,736717491.3043001,-0.16254588880534318,-0.2202529965942767,0.05770710778893351,109.51277783657764,0.6038953785966374
Rubidoux Community Service District,474240000.0,443580000.0,563700000.0,-0.15870143693453964,-0.21309207025013305,0.054390633315593406,121.653634319553,0.5999107711073804
Suburban Water Systems San Jose Hills,2326367385.35245,2150088280.37399,2984007252.3523903,-0.2203881597410668,-0.27946278324926815,0.05907462350820136,99.93428063657318,0.5905520858457786
Glendale  City of,2089000913.3543,1932869202.10725,2586967064.0957,-0.19249033265735405,-0.25284352130594145,0.06035318864858741,91.15372218711263,0.5762188002710131
Watsonville  City of,587340750.0,540994740.0,717672764.0,-0.18160367863702293,-0.2461818712685605,0.06457819263153758,79.25843883353836,0.5749216230860328
Delano  City of,898202000.0,837328000.0,1105182000.0,-0.18728137085113583,-0.24236189152555868,0.055080520674422845,103.9804399690871,0.5616604742535537
California Water Service Company Redwood Valley,29978331.284,27436690.1534,44609060.356300004,-0.3279766252739226,-0.3849525200876553,0.05697589481373272,96.09907824356556,0.5585354792920691
Sweetwater Authority,1660147850.2796,1520585684.0955,2049638060.9727,-0.1900287753771801,-0.25811990270424956,0.06809112732706946,66.86090284632796,0.5567710465858058
Manhattan Beach  City of,422815036.13239,393107161.5328,509305780.401,-0.16982085732565577,-0.22815099168266154,0.058330134357005764,89.97909010915953,0.5533039560326054
California-American Water Ventura District,1357171193.455,1280270256.683,1760575260.0809999,-0.2291319637238571,-0.27281140107347757,0.04367943734962046,152.16021084119566,0.5387999988430899
Azusa  City of,1648903979.106272,1534041350.54282,2030509963.4953558,-0.18793603146481516,-0.24450439637238028,0.056568364907565116,89.97020531376273,0.5365657921923985
"California Water Service Company Dixon, City of",122226870.26770002,113591807.4522,173906906.58990002,-0.29717069514708633,-0.34682405845980896,0.04965336331272263,116.45031306833566,0.5358201003273817
Pico Rivera  City of,427647412.79480004,399819700.929,507220331.26820004,-0.1568803803160735,-0.21174354362071182,0.054863163304638335,90.5427872062901,0.5220448000993018
"Los Banos, City of",769394000.0,725818000.0,984089000.0,-0.2181662430938665,-0.2624467908898484,0.044280547795981895,134.94237074478832,0.5143836464481599
Oxnard  City of,2142466615.49646,1977755236.1764998,2474193143.7252703,-0.1340746291655089,-0.200646383976842,0.0665717548113331,59.3594027831085,0.5129024415129309
McKinleyville Community Service District,139023000.0,128540000.0,162002000.0,-0.14184392785274255,-0.20655300551845038,0.06470907766570783,62.55011134440414,0.5117752194438266
Pomona  City of,1866228349.2171988,1731586213.729372,2345869267.406973,-0.20446191305449402,-0.26185732607196993,0.057395413017475916,78.07509135073282,0.5071465038853518
Buena Park  City of,1204998577.046,1127771788.8470001,1490118575.671,-0.19134047671113055,-0.24316641154603097,0.05182593483490042,92.67606358142332,0.4989200234092435
Eastern Municipal Water District,8149544189.27,7710296465.674,9653022673.448,-0.1557520928976505,-0.2012557385903322,0.0455036456926817,119.06546484123233,0.4965226894056367
Santa Clara  City of,1716000000.0,1590700000.0,2189400000.0,-0.2162236229103864,-0.27345391431442406,0.05723029140403765,75.09575628223803,0.4959451584746264
Seal Beach  City of,323212030.4413,300109164.267,383005767.29580003,-0.15611706653054291,-0.21643695763144463,0.06031989110090172,67.44749715946979,0.49538570245026997
Rialto  City of,898747113.3800501,852648912.00236,1077010653.54894,-0.16551697012604294,-0.2083189621265755,0.04280199200053256,129.15908447111633,0.48643684215228794
Camarillo  City of,722331150.80225,677950186.44485,893996199.5743899,-0.19201988649824855,-0.2416632343989765,0.04964334790072794,94.45235436703247,0.48246682505477545
Mammoth Community Water District,218749000.0,202271000.0,318957000.0,-0.31417401091683206,-0.36583614719225477,0.05166213627542271,85.09773389939276,0.47657511165556454
Golden State Water Company S Arcadia,274888263.8172,257129361.0457,367592994.7987,-0.25219395443666337,-0.30050527435511026,0.04831131991844689,96.39636759502264,0.47432851925257913
Apple Valley Ranchos Water Company,1038062711.616224,978193122.009992,1446543958.341104,-0.2823842610309099,-0.32377228056603036,0.041388019535120446,122.40023441036966,0.45789486178459793
California Water Service Company Antelope Valley,64257901.40439999,60771291.13550001,104989329.7794,-0.3879577901924272,-0.4211669770328988,0.03320918684047158,186.60124376749164,0.45364435254508495
Pismo Beach  City of,167021665.93739,157738158.78215998,211096329.95340997,-0.20878934288316367,-0.2527669295957272,0.04397758671256355,106.20632620813033,0.4532174122819894
California Water Service Company Oroville,312393763.0649,294797786.0069,423313588.8157,-0.2620275575398353,-0.3035947963975059,0.04156723885767061,117.49173897321867,0.4505622925749349
"East Palo Alto, City of",153129225.963392,141949589.600532,179274389.59794,-0.14583880995597842,-0.20819928647430683,0.062360476518328406,51.38716365834264,0.4470300816340921
Fortuna  City of,125000000.0,119100000.0,127100000.0,-0.016522423288749016,-0.06294256490952006,0.046420141620771044,92.55182118889654,0.44657966705572505
Soquel Creek Water District,315687000.0,291027000.0,432759000.0,-0.2705247031257582,-0.32750792011257995,0.05698321698682174,61.19202852289567,0.4457531171310102
Valley County Water District,653537397.5340099,611650825.8502951,816515247.26233,-0.1996017224108965,-0.25090091348437016,0.051299191073473666,75.47287083573873,0.4456623560086147
La Palma  City of,166763265.755779,156630263.93036,210232497.82043302,-0.20676742423420486,-0.2549664511709155,0.04819902693671063,83.18864450406836,0.43961276501818164
El Monte  City of,201905000.0,189396000.0,225176000.0,-0.10334582726400682,-0.1588979287313035,0.055552101467296694,58.29833388264054,0.42415888035760835
Newport Beach  City of,1329956082.27196,1266199992.06514,1645885333.3198102,-0.19195094861840067,-0.23068760233061383,0.03873665371221316,117.81120089431933,0.42045100286234893
Golden State Water Company Barstow,574997428.0842,545442703.6553,755519118.6422,-0.23893728974381087,-0.2780557232812904,0.03911843353747954,114.214221526754,0.41806282174164916
Del Oro Water Company,91995428.56503999,85000394.799292,152472436.353048,-0.3966422340623866,-0.4425196000510239,0.04587736598863734,81.49692864981077,0.4141609004943683
Long Beach  City of,4684440114.552,4415612687.276999,5429662328.101,-0.13725019504290942,-0.1867610874392367,0.04951089239632728,69.39483485518333,0.41244337073785164
Cambria Community Services District,46730353.14607,42513835.68069,71716640.56843,-0.34840292607569634,-0.40719705574992054,0.058794129674224205,47.304405849444,0.40437543196755277
Golden State Water Company Culver City,447654690.41260004,423509099.6719,521166772.34379995,-0.1410528948355632,-0.1873827685382018,0.04632987370263861,74.63632791191203,0.4002545230559536
San Jacinto  City of,221685194.7898,209531594.790644,315252280.497588,-0.29680066250465675,-0.33535264373052764,0.03855198122587089,107.2166367370606,0.399188288816523
Golden State Water Company Artesia,448697414.979,425138356.8069,514780084.37460005,-0.12837067983289038,-0.1741359665780479,0.04576528674515751,74.46317096124113,0.39491802007108257
Pinedale County Water District,243248228.0,232807224.0,323495124.0,-0.2480621500805063,-0.2803377648437137,0.032275614763207394,148.50015092556666,0.39331270067263835
"Soledad, City of",200583200.0,190484172.0,242600000.0,-0.1731937345424567,-0.21482204451772466,0.04162830997526795,87.90880949121254,0.39030577671071676
Fountain Valley  City of,779436613.3840001,735968033.0222,990588338.08,-0.21315789473684207,-0.2570394736842106,0.04388157894736852,72.31484215793473,0.37316075859083087
California Water Service Company Selma,457756084.6496,435891453.8979,738509674.1528,-0.3801623720437698,-0.4097687963289799,0.029606424285210098,158.786152556926,0.37307167027190735
Daly City  City of,584653464.894464,552998150.6109481,636978202.553168,-0.08214525622536752,-0.13184132770259155,0.04969607147722403,54.774932016275365,0.36780106487526937
Lomita  City of,182167240.26435,173460490.13491002,221011988.87702,-0.17575855866481882,-0.21515348096600118,0.039394922301182356,87.08202720819448,0.36762455645562003
Los Angeles Department of Water and Power,44663151693.182,42548050080.525,51937458949.53,-0.14005897484158353,-0.18078298513081117,0.04072401028922765,81.24256045238863,0.36706446206337273
San Gabriel Valley Water Company,2974045974.229,2783748740.861,4398994264.5,-0.3239259259259259,-0.36718518518518517,0.043259259259259275,71.7936467605813,0.3665405992748216
Rohnert Park  City of,428500000.0,408000000.0,505000000.0,-0.15148514851485148,-0.19207920792079208,0.0405940594059406,79.39371039512416,0.361705849592527
Burbank  City of,1381153858.4822,1317286978.7902,1816654290.6677,-0.23972664167458888,-0.2748829617405966,0.035156320066007746,102.65631092455529,0.35620190381213307
Santa Ana  City of,3079067889.1511,2921192872.7696,3656997980.0782995,-0.15803401972752126,-0.20120467971736353,0.043170659989842264,67.51663714084097,0.3547268722615766
Indio  City of,1806500000.0,1742600000.0,2296400000.0,-0.21333391395227314,-0.24116007664170006,0.02782616268942692,159.78919569561666,0.3517442650769461
Pico Water District,252945428.72302002,241732881.11995,317362997.32665,-0.20297756558344884,-0.2383079213511988,0.035330355767749955,97.86696866098744,0.34951520931807906
San Clemente  City of,717948449.1091,684841944.1258999,948390578.2835,-0.24298230544579968,-0.27789039683903116,0.03490809139323148,97.86046917955713,0.3453263761060385
"Yreka, City of",267300000.0,259080000.0,326250000.0,-0.18068965517241378,-0.20588505747126437,0.02519540229885059,177.65063821227432,0.33581855086439377
Milpitas  City of,835592727.2147001,785958732.4129521,1078165028.496556,-0.22498624502791575,-0.27102186433469294,0.04603561930677719,52.7037797196211,0.3342064837594849
Rowland Water District,933596923.4977,894788018.542,1093231537.585,-0.14602086438152018,-0.18152011922503725,0.03549925484351707,87.30843034157802,0.331701417297255
Petaluma  City of,769768644.102388,732803657.091968,1014665890.838628,-0.24135752364143317,-0.2777882220064567,0.03643069836502352,82.6702161088579,0.33123943338529493
Humboldt Community Service District,219024000.0,209463000.0,235929000.0,-0.07165291252876925,-0.11217781620741833,0.04052490367864908,63.597927040642936,0.3231792519342421
South Pasadena  City of,318813036.1768,305690999.21151,439247723.596,-0.2741839762611276,-0.30405786350148367,0.029873887240356056,104.03648323860934,0.30470849984079573
Suisun-Solano Water Authority,340600000.0,325600000.0,452000000.0,-0.24646017699115044,-0.27964601769911507,0.033185840707964626,80.4618141714916,0.2976786822019103
Santa Monica  City of,1037200000.0,994600000.0,1282700000.0,-0.19139315506353785,-0.2246043501987994,0.03321119513526155,79.06339998070854,0.2953059840812266
Bellflower-Somerset Mutual Water Company,422101421.50725996,406023912.09908,504897010.59369004,-0.16398510458414825,-0.19582825095032497,0.03184314636617672,85.17268244818653,0.2938773640009067
Santa Fe Springs  City of,480350622.59778,459805690.12543,623083323.16659,-0.2290748207533849,-0.2620478304753238,0.03297300972193892,77.46086137612603,0.2902015660098044
Golden State Water Company Florence Graham,416535879.13409996,399037657.5042,457919010.36309993,-0.09037216252757414,-0.12858464384828852,0.03821248132071438,55.711816059265935,0.2852192918149911
Westminster  City of,970972082.1745999,934476722.3506,1167004300.6578,-0.167979002624672,-0.19925168928352038,0.031272686658848386,82.91344684529098,0.2847591437105703
Grover Beach  City of,113116064.36878,107957836.27937001,167341000.33585,-0.32403855515529156,-0.35486320708791735,0.03082465193262579,76.64668252727574,0.2698639435078569
Port Hueneme  City of,166682780.45331,159657423.68719,203285671.24822,-0.1800564229153976,-0.21461545859647999,0.03455903568108237,59.53396406206394,0.26665149081401335
San Buenaventura  City of,1264593544.53003,1215471441.90978,1615489912.20925,-0.21720740255156068,-0.2476143411829963,0.03040693863143562,75.6681753375957,0.2645022241960839
Crescent City  City of,185430000.0,178730000.0,214590000.0,-0.13588704040262828,-0.1671093713593364,0.031222330956708122,68.93294153408787,0.2592261015143226
San Dieguito Water District,495815531.3232,481813695.50501,594744024.5604,-0.16633793556870483,-0.18988056103440717,0.02354262546570235,119.04557142261666,0.25686889387967643
San Francisco Public Utilities Commission,6453570000.0,6169740000.0,7375120000.0,-0.12495389905520181,-0.16343869659069954,0.03848479753549773,42.36159903708887,0.2504813404403411
Ceres  City of,703021000.0,683442000.0,922358000.0,-0.23780029012595977,-0.2590274058445853,0.02122711571862551,121.86845060306798,0.23433471571754122
California Water Service Company Kern River Valley,78334683.0508,76477329.9169,93291263.5501,-0.16032134125043665,-0.18023052741879153,0.01990918616835488,133.08501304679797,0.2296773049133943
California Water Service Company Salinas District,1459162690.106,1406048907.505,1968468470.507,-0.25873199801357394,-0.28571428571428564,0.026982287700711705,68.63710789470933,0.22354154928022282
South Gate  City of,687667075.99799,665714465.361,757177702.40563,-0.09180226278031921,-0.12079494252675708,0.028992679746437877,57.531338361589036,0.21990778133997843
Ripon  City of,412740000.0,404771000.0,578038000.0,-0.2859638985672222,-0.29975018943391263,0.01378629086669042,232.34084274448867,0.21014072063902947
Golden State Water Company Southwest,2369689332.5721,2303411152.3203,2707010729.8025,-0.12461029190490507,-0.14909419199518498,0.02448390009027991,64.15072627400328,0.19610171302189267
Inglewood  City of,780227454.797329,759526765.3428731,926082789.59108,-0.15749707956256775,-0.1798500372971526,0.022352957734584844,71.1087086792126,0.1884935062223395
California Water Service Company Hermosa/Redondo,940342048.0365999,917271767.0050001,1135722563.6658,-0.17203190451598113,-0.19234521145349168,0.020313306937510545,80.14814937770547,0.18185589361283405
Golden State Water Company Bell-Bell Gardens,408357008.3164,397180304.3703,471637355.4398,-0.13417161807378755,-0.15786928285201055,0.023697664778222993,55.5658552581439,0.17664833705853777
Irvine Ranch Water District,5002145255.877,4883825344.21903,5944800849.0453,-0.15856806932728196,-0.17847116022341702,0.019903090896135067,74.67731000805311,0.17199461874757196
Lompoc  City of,369730000.0,358610000.0,495600000.0,-0.25397497982243744,-0.27641242937853105,0.022437449556093614,57.43258010244917,0.17004060951156094
Indian Wells Valley Water District,639798000.0,629740000.0,823566000.0,-0.22313694348722507,-0.23534968660678077,0.012212743119555697,192.03149004662268,0.16923860942390398
Goleta Water District,1046364326.8395901,1015027195.105,1450270204.6631699,-0.2785038791563592,-0.30011166757663377,0.021607788420274554,53.285654826320105,0.15773042454283295
Montebello Land and Water Company,268038866.82166004,262395120.10601997,323026295.12791,-0.17022585819051164,-0.18769733590227283,0.01747147771176119,72.30942181295194,0.14856861781496045
Brea  City of,887016462.0080501,873777118.52904,1071399491.9760001,-0.17209549878345495,-0.18445255474452563,0.012357055961070673,95.99000059624437,0.12106762158862902
Arcata  City of,180277000.0,177507000.0,178787000.0,0.008333939268515049,-0.0071593572239592364,0.015493296492474285,49.44082747524637,0.10893983103952502
California Water Service Company East Los Angeles,1242373735.7229,1218749507.2654,1468710136.9171,-0.1541055620881681,-0.17019057972622192,0.01608501763805381,45.478892129857094,0.10847420597684117
Park Water Company,869697458.663,853404887.313,1092579834.731,-0.203996421115419,-0.21890844020280345,0.01491201908738446,51.84692311299316,0.10737370646712244
San Luis Obispo  City of,413267589.32129,406766853.35264003,532943042.91558003,-0.22455580419922475,-0.23675361042836005,0.0121978062291353,58.44598103534717,0.0932521935483308
California Water Service Company Dominguez,2704469088.6719,2672079456.8281,3087768122.252,-0.12413465597298441,-0.13462431405656383,0.01048965808357942,77.8438496991979,0.09254937389743637
Westborough Water District,68446753.242,67333651.943376,87255771.422512,-0.21556188059394393,-0.22831864476526859,0.012756764171324653,43.2801670942755,0.08392377125920131
California Water Service Company South San Francisco,616478314.7413,606572431.3605,797944974.4376001,-0.22741751061744542,-0.23983175432865092,0.012414243711205503,42.70639668447401,0.0811272457231763
Arroyo Grande  City of,193588332.7807,192350097.3581,303823870.5348,-0.36282711282711283,-0.3669026169026169,0.004075504075504055,95.4208205876868,0.039810983376421395
Monterey Park  City of,687560000.0,684110000.0,831800000.0,-0.17340706900697284,-0.1775547006491945,0.0041476316422216775,89.46302718355234,0.03923033111879311
Huntington Park  City of,362672638.251,360391678.26199996,424258557.954,-0.14516129032258066,-0.15053763440860224,0.005376344086021584,43.2824737535594,0.03537065424450906
El Segundo  City of,607080810.3474519,606325277.879972,636905641.5142119,-0.04682770762691456,-0.048013962573069065,0.0011862549461545066,82.35647698633814,0.010765319320671363
Santa Maria  City of,1121254760.3070002,1120277206.026,1373789616.2319999,-0.18382352941176452,-0.1845351043643263,0.0007115749525617721,81.9515348214955,0.006441680764325552
Beverly Hills  City of,895309380.8252,895211625.3971,1123177283.7263,-0.2028779483013723,-0.2029649830282283,8.703472685600566e-05,132.35951116841434,0.0010013136763365048
Alhambra  City of,775637185.74518,777996350.07666,1060724599.2274799,-0.2687666654378786,-0.2665425590739853,-0.002224106363893308,89.17896696083329,-0.021003263038228002
Compton  City of,618466008.446,621724522.716,732514007.8959999,-0.15569395017793586,-0.15124555160142344,-0.0044483985765124134,58.97213266240903,-0.03416072742192955
Riverbank  City of,412417204.0,413707800.0,465864073.0,-0.11472631631759249,-0.11195598893070254,-0.0027703273868899536,169.85872984720433,-0.036105638662104055
Montecito Water District,366257003.948,368212112.51,689501619.5320001,-0.4688090737240076,-0.4659735349716447,-0.0028355387523629205,204.48295225504197,-0.04054750540612764
Golden State Water Company S San Gabriel,208121306.4249,209359541.84750003,242824483.4004,-0.14291465378421905,-0.13781535158346747,-0.005099302200751582,64.37588354504987,-0.04091403871084748
Eureka  City of,292060000.0,293740000.0,339454000.0,-0.13961832825655318,-0.13466920407477892,-0.0049491241817742615,70.40393729956959,-0.04152664305331234
"American Canyon, City of",279580524.366,282187335.782,387763198.13,-0.27899159663865547,-0.2722689075630252,-0.006722689075630284,76.2111123218968,-0.05868838730983253
Hawthorne  City of,337582078.372,341459710.3533,382712501.0115,-0.11792252022137086,-0.10779054916985958,-0.010131971051511271,65.1484564116373,-0.0817797927117195
Santa Barbara  City of,864734741.42979,879909642.38518,1408564480.52144,-0.38608792612059073,-0.3753146167228042,-0.010773309397786535,68.40516399573762,-0.08910325650071402
Bakman Water Company,340692302.0,344425325.0,518312840.0,-0.3426898280196956,-0.3354875696307273,-0.007202258388968319,194.439603032691,-0.10042944460955534
El Toro Water District,734827553.0277,745277608.29159,995854097.1403201,-0.26211324014449516,-0.25161967959792686,-0.010493560546568304,108.70896233365634,-0.10940962961623034
California City  City of,403371481.48330003,408389593.4591,491709803.34300005,-0.17965540092776677,-0.1694499668654739,-0.010205434062292879,159.63231694508065,-0.1289412540214363
Marina Coast Water District,275901661.75517,282949828.12118,424001135.32667,-0.3492902759739012,-0.33266728660247,-0.016622989371431196,60.290973520135935,-0.12907296169321786
Alco Water Service,344299000.0,350899000.0,447983000.0,-0.23144628255982927,-0.2167135806492657,-0.014732701910563556,103.2546551614234,-0.14970531592483985
Benicia  City of,402687193.48660004,416014516.8509,649715160.2953,-0.38020963940017044,-0.35969707608205026,-0.02051256331812018,84.13784701547785,-0.1881549429602498
Vernon  City of,613392501.72761,632901226.6621,651875555.25631,-0.05903435589568763,-0.029107286569059244,-0.029927069326628388,39.865012184313294,-0.1889557622097514
California-American Water Company Monterey District,912957494.1115199,945497017.6117401,1079839043.9352999,-0.15454298560608343,-0.12440930625546918,-0.030133679350614243,68.03969556124373,-0.24856120378104038
"Perris, City of",137737398.1929,143326076.017377,190884743.490881,-0.2784263651773719,-0.24914860456501592,-0.029277760612355985,86.49311515892116,-0.27228807713877806
Morro Bay  City of,92005424.0,97087596.0,119120801.0,-0.22762923664356488,-0.18496521862709772,-0.04266401801646716,64.21473430289457,-0.3418842539050261
North Coast County Water District,214788155.82924,232613485.69813198,345158649.32668,-0.37771179645001196,-0.3260679222383564,-0.05164387421165556,48.57912053028637,-0.3599512107479502
Humboldt Bay Municipal Water District,50810000.0,53060000.0,49765000.0,0.020998693861147392,0.06621119260524465,-0.04521249874409726,88.64655509115376,-0.4256860724813083
Martinez  City of,261478566.215608,281485963.616816,324474264.912532,-0.19414698023556853,-0.1324860118176222,-0.06166096841794633,48.933994369537665,-0.4313359687372916
Blythe  City of,289600000.0,309500000.0,364000000.0,-0.2043956043956044,-0.14972527472527472,-0.05467032967032967,132.594374476992,-0.6295268271157305
California Water Service Company King City,117795290.86050001,134772150.2072,172538330.5965,-0.31728045325779036,-0.21888574126534477,-0.0983947119924456,44.66823954701217,-0.6576141919232781
Patterson  City of,299352884.0,331531760.0,472549824.0,-0.36651572216012507,-0.2984194614788387,-0.06809626068128638,109.45063461474967,-0.7124139361651303
Redlands  City of,2373827645.6949997,2534733080.3476,2977565169.6406,-0.2027621528157764,-0.1487228873470639,-0.05403926546871249,208.59201518350733,-0.7804737073777943
Wasco  City of,340340000.0,383540000.0,537330000.0,-0.3666089740010794,-0.28621145292464595,-0.08039752107643344,101.94562861442425,-0.8117587194794628
Hanford  City of,1320227298.0,1478892470.0,1638207120.0,-0.19410233182236444,-0.0972493942035852,-0.09685293761877925,154.41145932657332,-1.2035179207787405
